customer_id,name,gender,age,city
1,Patton Leakner,Male,22,Santa Cecília
2,Patrice Gowdy,Female,56,Lugar No              o
3,Clarinda Dransfield,Female,38,Neiguan
4,Amanda Bedborough,Female,57,Daogao
5,Ainslie Cregeen,Female,28,Ishige
6,Rudyard Corry,Male,36,Vila Ribeiro
7,Shem Kerkham,Male,46,Pouébo
8,Shirl Blazej,Female,58,Tutup
9,Dulce Culverhouse,Female,51,Gijon
10,Der Fellowes,Male,49,Bunutan
11,Holden Brettelle,Genderfluid,55,Peace River
12,Kattie Hansom,Female,64,Igrejinha
13,Shannen Spilisy,Female,48,Bibis
14,Kev Binstead,Male,61,Suwalan
15,Rubetta Dowber,Female,30,Komyshany
16,Dennet Crowter,Male,51,Ḩarastā
17,Andrea Stanbro,Female,26,Santa Magdalena
18,Lynde Willcocks,Female,50,Chambar
19,Gabbie Reicharz,Female,58,Jambean
20,Joel Pither,Male,62,Biito
21,Veriee Corhard,Female,64,Banyliv
22,Flossi McVeigh,Non-binary,25,Lubei
23,Gabriele Rusk,Male,19,Pobé
24,Callean Leemans,Male,30,Pakemitan
25,Darren Cordero,Male,65,Tucson
26,Katinka Fowle,Bigender,55,Örnsköldsvik
27,Bradford Pitts,Male,61,Pangtangis Dajah
28,Mireille Scintsbury,Female,40,Plaški
29,Lisha Mowling,Female,18,Kambing
30,Puff Langley,Male,54,Miandrivazo
31,Ericha Almey,Female,55,La Romana
32,Cynde Tiffney,Female,57,Guamal
33,Sonya Lambrecht,Female,52,Ḩarīb
34,Mair Rumbellow,Genderqueer,28,Siemianowice Śląskie
35,Leanora Pulley,Female,50,Nandu
36,Lucas Vandenhoff,Male,30,San Fernando
37,Dottie Winspear,Agender,51,Khyzy
38,Davie Manuelli,Male,20,Saint-Quentin-en-Yvelines
39,Kerby Larmour,Male,21,Ampelgading
40,Lock Hesbrook,Bigender,44,Mūḩ Ḩasan
41,Hank Camin,Male,55,Dampek
42,Doro Dumphry,Female,26,Tabu
43,Elinore Neville,Female,36,Ruše
44,Doy Gipps,Male,62,Kansas City
45,Bear Dimitrie,Male,44,Kusŏng
46,Borden Oleszkiewicz,Male,36,Karangsumber
47,Hamlen Wolvey,Male,53,Mount Pearl
48,Abner Bram,Male,47,Kertanegla
49,Carlyn Wagon,Genderqueer,51,Dunhua
50,Devland Rayment,Male,27,Norsborg
51,Gifford Piet,Male,48,Tangtu
52,Helen Prosser,Female,25,Barretos
53,Vivia Westhead,Female,55,Mnogoudobnoye
54,Cal Chartman,Female,19,Cipatujah
55,Lamond Cumesky,Male,61,Dorūd
56,Simone Mcasparan,Male,51,Longfengba
57,Dasya Lafferty,Female,23,Kamennyye Potoki
58,Warde Kiltie,Male,26,Abobo
59,Belvia Swales,Agender,23,Zaña
60,Kimberly Sandall,Female,57,Butwāl
61,Cy Anstead,Male,64,København
62,Dorie Epdell,Male,28,Broby
63,Gail Wallen,Male,28,Prelog
64,Debor Mainland,Female,47,Остров Пасхи
65,Sarita Rapsey,Female,50,Lascano
66,Noemi Sandyford,Female,27,Periyiáli
67,Ealasaid Roj,Polygender,47,Huangze
68,Hervey Foad,Male,29,Maskinongé
69,Keefer Illwell,Male,49,Qingfeng
70,Jammal Tellenbroker,Male,64,Kāmyārān
71,Tori Grisewood,Female,48,Cavadas
72,Brittany Benardeau,Female,25,Puerto Galera
73,Goran Bowfin,Male,65,Novotitarovskaya
74,Jodi Bolt,Female,46,Shixi
75,Rich Claybourne,Male,45,Vynohradiv
76,Geno Kingcote,Male,62,Zoumaling
77,Consuela Westwell,Female,40,Real
78,Wilona Baccup,Female,19,Paris 11
79,Lidia Winny,Female,47,Chiriguaná
80,Bessy August,Female,27,Gapan
81,Amabelle Cattenach,Genderqueer,18,Tall Rif‘at
82,Vincents Matteoni,Male,34,Tielou
83,Wilow Linning,Female,36,Butterworth
84,Cherie Sehorsch,Female,48,Noeltoko
85,Krissie Ollet,Female,45,Ercheng
86,Bonni Esom,Female,39,Sandao
87,Bryon Kennet,Male,37,Esparza
88,Hubie Dreher,Male,40,Łysomice
89,Milo Guymer,Male,20,Karpacz
90,Alysa Westoff,Female,52,Kitahiroshima
91,Sarena Garfield,Female,53,Guacarí
92,Romy Blodgetts,Female,22,Huangqiao
93,Lewie Catchpole,Male,41,Al Ḩaffah
94,Harrison Olivera,Male,55,Makale
95,Korie Kinchington,Female,31,Tantou
96,Lotte Richardin,Female,28,Badaogu
97,Cara Sherlock,Female,63,Penggakrajeng
98,Leonerd Wadelin,Male,62,Magangué
99,Tammy Mechi,Female,40,Barrhead
100,Cornelia Burrow,Female,59,Talodi
101,Dean Rathbourne,Male,56,Guachetá
102,Leonora Nelthropp,Female,45,Kitob
103,Darby Sollon,Female,40,Susoh
104,Jeremias Sanper,Male,23,Brocēni
105,Burtie Held,Male,27,Pingshan
106,Tybi Bees,Female,28,Yonghe
107,Bevvy Padillo,Female,37,Ciawitali
108,Stoddard Grimes,Female,32,Motala
109,Joann Huson,Female,27,Aoufous
110,Ophelie Jonin,Female,56,Kulevcha
111,Bil Urian,Male,21,Arboga
112,Sonja Vasenin,Female,23,Mainit
113,Paddie Jenson,Male,37,Thanh Ba
114,Shanna Whinney,Female,63,Chimanimani
115,Myron Skully,Male,28,Åkersberga
116,Sherman Kasperski,Male,62,Graneros
117,Staffard Hadenton,Male,59,Aykol
118,Swen Schule,Male,60,Zyablikovo
119,Robinet Queen,Male,42,Jiefang
120,Merola Christoforou,Female,35,Santo Antônio de Pádua
121,Shaine Rilston,Male,51,Sunchales
122,Emmanuel Babon,Male,20,Taochuan
123,Brunhilde Morton,Female,21,Basing
124,Kaine Whitby,Male,21,Ad Dīwānīyah
125,Horatia Prandy,Female,57,Tongbang
126,Mikael Crews,Male,57,Lökbatan
127,Spenser Stanwix,Male,61,Tangnan
128,Angelica Geeson,Female,52,Kaset Wisai
129,Aleece Daglish,Genderqueer,47,Zhen’an
130,Gerrie Guido,Female,53,Ōarai
131,Greer Blakely,Female,33,Świnice Warckie
132,Brianne Grisbrook,Female,42,Burhānuddin
133,Charyl Espinos,Female,55,Xinglong
134,Zerk Friman,Polygender,27,Satu Nou
135,Rozalin Mara,Bigender,65,Xihu
136,Kristal By,Female,20,Jaquimeyes
137,Sonni Vardon,Female,51,Nagrumbuan
138,Weylin Sancias,Male,43,Bulqizë
139,Borden Eslemont,Polygender,19,Samur
140,Gillan Linstead,Female,38,Vatutine
141,Ola Mielnik,Female,33,Somita
142,Alys Padwick,Female,18,Strängnäs
143,Heinrick Goodram,Male,65,Chikola
144,Lambert Savins,Male,38,Banjar Teguan
145,Alane Pauling,Female,45,Mozdok
146,Pail Bilbie,Male,36,Khorinsk
147,Frederik Detloff,Agender,30,Yangdu
148,Raoul Pinwill,Male,55,Aroa
149,Garvy Moppett,Male,46,Zhavoronki
150,Fraze Spofford,Male,33,Tsybli
151,Constantine Synke,Male,23,Balfour
152,Renata Walworth,Female,28,Chocz
153,Garik Gerg,Male,25,General Elizardo Aquino
154,Son Cyples,Male,30,Frydek
155,Dare Ladds,Male,30,Foluo
156,Rochette Jose,Female,26,Plan de Ayala
157,Claiborne Annand,Male,34,Périgny
158,Heindrick Trenfield,Male,31,Gongjiang
159,Leonardo Fallanche,Male,44,Meijiahe
160,Chev Woolvett,Male,38,Ximapo
161,Camala Moens,Genderfluid,40,Criação Velha
162,Gay Pessler,Male,44,Bantarmangu
163,Bridget Svanetti,Female,58,Phra Phutthabat
164,Melva Aulds,Female,52,Paris 16
165,Rudiger Hartell,Male,55,Puerto Aisén
166,Adena Isley,Genderfluid,39,Montepuez
167,Pascale Fassmann,Male,42,Yangsa
168,Isa Braithwaite,Male,36,Baiyun
169,Celestia Furminger,Female,42,Rakszawa
170,Angel Freezer,Female,34,Karang Daye
171,Stanfield Buessen,Male,64,Lyubeshiv
172,Skippie Laydel,Male,31,Cabanas de Viriato
173,Waite Fomichkin,Male,55,Banga
174,Arlena Marrow,Female,55,Teberda
175,Findley Hibling,Male,46,Rogóźno
176,Emlyn Phelipeaux,Agender,59,Concordia
177,Gwendolen Itskovitz,Genderqueer,31,Yudong
178,Nicolette Haughey,Female,37,Podebłocie
179,Dominique Crat,Male,19,Tapel
180,Delaney Jeger,Male,65,Skuratovskiy
181,Crissie Wale,Agender,30,Gävle
182,Chane Clewlowe,Genderqueer,51,Tsul-Ulaan
183,Kristien Manuelli,Female,20,Tal’ne
184,Kirsteni Union,Female,34,Iralaya
185,Latashia Antonov,Genderqueer,65,Östersund
186,Elberta Hassall,Female,40,Bang Klam
187,Maribeth Giraudou,Female,64,Sambopinggir
188,Corny Grube,Male,61,Nelahozeves
189,Dorie Wetherhead,Female,34,Same
190,Donny Farrand,Male,48,Eucaliptus
191,Vania Brough,Female,20,Juliaca
192,Alphonse Ridgedell,Male,55,Sangba
193,Franny Burton,Female,58,Santo Tomé
194,Rudolf Ourtic,Male,28,Quellouno
195,Simone Bucher,Male,27,Xinmin
196,Revkah Lukash,Genderqueer,39,Vasil’yevskiy Mokh
197,Marius Poulsom,Male,26,Lebyazh’ye
198,Petronia Jennens,Female,22,Gangnan
199,Buddie Libreros,Male,62,Pyhäselkä
200,Ferguson Bendig,Male,35,Santa Cruz do Rio Pardo
201,Rebeca Lapham,Female,44,Gayam
202,Marieann McNicol,Female,26,Mariscala
203,Lucienne Bortolutti,Female,26,Boston
204,Mortie Peschmann,Male,63,Winong
205,Norbie Ghidetti,Male,27,Morant Bay
206,Ursulina Cotgrove,Female,51,Xinqiao
207,Mari Lait,Female,45,Ritchie
208,Paddy Portsmouth,Male,29,Montes Velhos
209,Kinnie Balls,Male,54,Kurnāz
210,Sloan Cogdell,Genderfluid,34,Debrecen
211,Jodie Lagen,Female,45,Bogatynia
212,Anna-diana Linsay,Female,53,Joroinen
213,Morly Marrow,Male,59,Hekou
214,Had Maciejak,Male,53,Laidian
215,Heida McGiffie,Polygender,23,Kitāf
216,Fenelia Tarply,Female,32,Tsaghkadzor
217,Damian Standen,Male,36,Lapuz
218,Wait Kinner,Male,20,Sterling
219,Wesley Simoncini,Male,34,Mudian
220,Twila Callard,Genderfluid,65,Xuling
221,Frants Hoppner,Male,34,Punta Gorda
222,Erhart Ormshaw,Male,54,Dayr Sāmit
223,Danya Letertre,Female,46,Skrwilno
224,Hartley Winkett,Male,47,Champagnole
225,Paddy Gatland,Male,37,Malapaubhara
226,Mort Ferenczi,Male,58,Awar-awar
227,Emilio De Gowe,Male,25,Dimitrov
228,Lucas Ley,Male,55,Toride
229,Jeana Tourmell,Female,48,Chợ Mới
230,Yvor Pallent,Male,32,Sila Lat
231,Turner Kenningham,Male,49,Osh
232,Bartholomeus Dobbie,Male,33,Merdeka
233,Reagen Grelik,Male,58,Tomingad
234,Peterus Blampied,Male,60,Liudu
235,Leonidas Peek,Male,39,Néa Karváli
236,Sile Rackstraw,Female,43,Villa Castelli
237,Godfree D'Hooghe,Male,32,Rantepang
238,Elton Fassan,Male,41,Hołoby
239,Rodolphe Impson,Male,43,Shangcun
240,Natassia Spracklin,Female,59,Vallentuna
241,Mendy Pennetta,Male,22,Huaizhong
242,Emmalyn Stonham,Female,38,Milówka
243,Constancy MacMarcuis,Female,47,Abilay
244,Tarrance Begent,Male,19,Kuantan
245,Carmel Steanson,Female,28,Lagnieu
246,Nixie Ramme,Genderqueer,35,Beberon
247,Uta Pomroy,Female,56,Urcos
248,Byrle Havers,Male,64,El Calafate
249,Horace Brosoli,Male,38,Khorosheve
250,Francklin Evelyn,Male,35,Kortowo
251,Neile Joynson,Female,26,Juyuan
252,Inesita Macallam,Polygender,38,Banjar Gunungpande
253,Jean Ching,Female,51,Bulakbanjar
254,Rana Trappe,Female,40,Rokitno
255,Wash Le Friec,Male,59,San Ramón
256,Torrey Doick,Male,53,Shuvakish
257,Karoly Bleier,Female,21,Kon Dơng
258,Cherianne Housecroft,Female,60,Protvino
259,Garrot Garford,Male,33,Bogorodsk
260,Stevy Lord,Male,43,Orós
261,Charmane Kezor,Female,48,Garça
262,Aldwin McCart,Genderqueer,20,Ainaži
263,Jordana Fernier,Female,62,Agoncillo
264,Gawain Berrick,Male,39,Huamachuco
265,Emili Liccardo,Female,31,Jargalant
266,Aldus Runciman,Male,60,Tegalloa
267,Ian Bayldon,Male,45,Kolodeznyy
268,Ardyth Deakes,Female,52,Lille
269,Rebeca Berwick,Female,52,Auna
270,Darb Richie,Male,26,Borek
271,Laurianne Willavize,Female,60,Marmashen
272,Laird Houseman,Male,50,Aldeias de Cima
273,Tiffi Settle,Female,60,Wŏnsan
274,Ursola Paley,Genderqueer,30,Zhaolingpu
275,Gannon Bartholomaus,Male,37,Fencheng
276,Terri-jo Plunket,Female,31,Karmai
277,Arvy Gimlet,Non-binary,57,Živinice
278,Lanny Jankovsky,Male,53,Ciepielów
279,Ax Reignould,Male,64,Little Current
280,Bonita Pauley,Female,57,La Paz
281,Zeke Glaisner,Male,29,Shuya
282,Alleen Antoniutti,Female,43,Daming
283,Buckie Eilles,Male,37,Berlín
284,Gottfried LLelweln,Male,56,Maebashi-shi
285,Nicki Priden,Female,20,Corona
286,Elke Buney,Female,34,Smečno
287,Aileen Southall,Female,25,Parrsboro
288,Artemas Naismith,Bigender,22,Fangxi
289,Nance Goldsbrough,Female,47,Kot Sultan
290,Michaelina Spada,Female,61,Paris 09
291,Lilli Kowal,Female,55,Yanqian
292,Joyous Flewan,Bigender,64,Baganhilir
293,Liam Rumke,Male,63,Ar Raqqah
294,Virge Larman,Male,53,Duyun
295,Viviyan Winterburn,Female,18,Thorpe
296,Pietrek Crowcher,Male,47,Subrag
297,Selestina Linstead,Female,37,Songshan
298,Claudio Dunkley,Male,61,Castañas
299,Danice Manjin,Female,40,Kuala Lumpur
300,Berti Bryer,Female,29,Sotouboua
301,Adrianna Riehm,Female,23,Kangar
302,Claus Roarty,Male,23,Otok
303,Francoise Samsonsen,Bigender,24,Pahārpur
304,Joline Chantree,Female,50,El Quetzal
305,Kelcey Verrall,Female,31,Niquinohomo
306,Gaynor Cunah,Genderqueer,47,Otlja
307,Chanda Hennemann,Female,44,Vetlanda
308,Gannie Mayman,Male,54,Dawung
309,Iris Tessington,Female,43,Pampas Chico
310,Porty Hanaby,Bigender,57,Shangfang
311,Ferris Vowell,Male,33,Caen
312,Sayre Niece,Female,58,Panoongan
313,Godfree Rumming,Polygender,33,Ludvika
314,Michael Humber,Polygender,30,Meget
315,Randene Benbrick,Female,64,Yamaga
316,Bernadette Inworth,Female,56,Senhor da Serra
317,Barby Binnall,Female,57,Lijiaxiang
318,Cesare Tilney,Male,49,Harstad
319,Perceval Russilll,Male,30,San Vicente
320,Avictor Norree,Male,55,Kalabo
321,Katharyn Rosie,Female,59,Mandaon
322,Celka De'Vere - Hunt,Female,56,Baitian
323,Eric Hinder,Male,56,Ndeaboh
324,Chariot Manilow,Male,63,Parumasan
325,Ramsay Bugge,Male,42,Polos
326,Drugi Mattei,Male,63,Pinglumiao
327,Esme Vannar,Male,63,Jerez
328,Alex Stanbridge,Male,23,Évreux
329,Clari Salle,Female,24,Tembau
330,Britta Mougel,Female,21,Torre
331,Cristionna Cantero,Female,36,Gujrāt
332,Adolpho Botton,Bigender,58,Xinghua
333,Elizabeth Gorgen,Female,40,Viamão
334,Myrlene O'Brogane,Female,29,Ágios Spyrídon
335,Lind D'Souza,Female,52,São José dos Pinhais
336,Martina De Goey,Female,63,Sofádes
337,Nicolea Duiguid,Female,51,Fundación
338,Cthrine Drane,Female,22,Zhirnovsk
339,Leslie Quilligan,Male,23,Victoria West
340,Kleon Lackington,Male,53,Carpentras
341,Winnifred Moffet,Polygender,43,Sanandaj
342,Arden Rusted,Female,43,Zhuravka
343,Kilian Margiotta,Male,44,Záhorovice
344,Lani Sciusscietto,Female,29,Yefremov
345,Jodie Selliman,Male,29,Artsvanist
346,Nil Vanderplas,Male,56,Fujikawaguchiko
347,Killie Hryniewicki,Male,30,Krajan Karangwage
348,Gerrard Kohrsen,Male,39,Okazaki
349,Conchita MacKenney,Female,27,General Cabrera
350,Rosina Casterton,Polygender,48,Banjar Bias
351,Flinn Jowett,Male,64,Zheleznovodsk
352,Marthena Gierth,Female,28,Princeville
353,Huey Glacken,Male,29,Manama
354,Nonah Moppett,Female,54,Dole
355,Alexa Griffithe,Female,25,Rolante
356,Antoinette Tinson,Female,18,Trzebnica
357,Conny Fife,Male,22,Marcos Juárez
358,Franchot Muris,Male,53,Blois
359,Lorettalorna Graham,Female,46,Saint-Jouan-des-Guérets
360,Codie Malacrida,Female,26,Sukoreno
361,Hardy Toolan,Male,33,Iwamizawa
362,Mikaela Mattiussi,Female,42,Lingbei
363,Katy Haydon,Female,21,Jianping
364,Red Christoforou,Male,57,Launceston
365,Dorian Colisbe,Male,42,Palanit
366,Rudd Darwent,Male,47,Derbent
367,Sky Dumingos,Male,33,Mojimán
368,Fielding Loble,Male,58,Santa Elena
369,Zacharie Landsberg,Male,63,Santa Catalina
370,Dorothee Coudray,Female,22,Morelos
371,Karlens Kildea,Male,60,Phanom Sarakham
372,Jeffy MacGibbon,Male,29,Irving
373,Randi Rosita,Male,23,Igreja
374,Alex Eaglesham,Male,40,Saint-Herblain
375,Arlene Towse,Female,60,Zdiby
376,Alwyn Trevers,Male,59,Hetou
377,Ichabod Comfort,Agender,62,Kuryłówka
378,Lucila Greenhill,Female,30,Fastiv
379,Michaela Abrahami,Agender,51,Alor Setar
380,Nolana O'Fairy,Female,57,Brokopondo
381,Kimmi Clacson,Female,55,Nancha
382,Devi Ebertz,Female,24,Baton Rouge
383,Byrle Rotge,Male,58,Gaotuan
384,Edgar Ballefant,Male,18,Cangkringan
385,Darby Cowwell,Female,27,Sakai-nakajima
386,Marcus Dumpleton,Agender,20,Aubenas
387,Whitney Damper,Female,26,Trasak
388,Vite McColley,Male,19,Vidnoye
389,Lucila Moggach,Female,34,Arboleda
390,Ingmar Goodboddy,Agender,58,Villa María
391,Elsi Berrycloth,Female,27,Rates
392,Darnall Stembridge,Male,61,Jiuxian
393,Florence Ogelbe,Female,27,Lenchwe Le Tau
394,Dasi Ferrieres,Female,49,Swellendam
395,Aldis Harbin,Male,27,Rumburk
396,Allin Cranmer,Genderqueer,41,Votkinsk
397,Grier Abrahim,Female,23,North Bay
398,Petey Pampling,Male,25,Río Blanquito
399,Arabella Wyldbore,Female,52,Kopidlno
400,Amalle Bynold,Female,24,Bahaodi
401,Freeman Lafflina,Male,46,Ifakara
402,Pincas Goddert.sf,Male,31,Włocławek
403,Riobard Haslegrave,Male,20,Rathnew
404,Sybyl McLugish,Female,29,Gorichevo
405,Alene Felder,Bigender,36,Kōriyama
406,Myrtia Flecknoe,Genderqueer,28,Malitubog
407,Sonni Skelbeck,Female,21,Barkā’
408,Chev Huskisson,Male,53,Ocho Rios
409,Shanta Prine,Female,64,Várzeas
410,Indira Delves,Genderqueer,45,Eslāmābād
411,Elinore Tomasicchio,Female,34,Tlumačov
412,Nels Aldcorn,Polygender,58,Koungou
413,Katerine Milbank,Female,28,Raffingora
414,Jimmie Raffan,Male,62,Tochio-honchō
415,Gabriello Leaton,Male,41,Newala Kisimani
416,Car Huitson,Male,41,Monte Aprazível
417,Jocelin Crewes,Female,54,Qiancang
418,Brandy Scase,Female,22,Cibinong
419,Enid Eyden,Female,58,Baardheere
420,Bobbe Sheers,Female,63,Perre
421,Waiter Camm,Male,27,Sedati
422,Ailbert Murrish,Male,60,Neiva
423,Mora Davidovitz,Female,57,Bolaoit
424,Lesya Brightie,Genderqueer,33,Quintães
425,Fayette Shipsey,Female,49,Urukh
426,Tanya Axten,Female,32,Novosil’
427,Elna Moline,Female,46,Nanjing
428,Sumner Kier,Male,47,São Pedro da Aldeia
429,Rudd Schorah,Male,56,Porteirinha
430,Frieda Hoyt,Female,26,Jingyang
431,Rollin Sendley,Male,36,Xiachengzi
432,Mack Chasmer,Male,54,Gaborone
433,Merilyn Climpson,Female,28,Göteborg
434,Ailene McKague,Female,57,Kota Kinabalu
435,Austina Girardi,Female,35,Colos
436,Trescha Cavell,Female,50,Gonzalo Pizarro
437,Tabbitha Ewen,Female,61,Jilib
438,Darlleen Dibdale,Female,18,Aguas Verdes
439,Woodrow Loughlin,Male,43,Birni N Konni
440,Terence Bolam,Male,54,Liuzuo
441,Rosabelle Gallemore,Female,43,Oued Laou
442,Grier Carlett,Female,28,Sarykemer
443,Marlo Waller,Female,57,Oklahoma City
444,Paule Kaaskooper,Non-binary,19,Tsirang
445,Diarmid Sweatman,Male,49,Qila Saifullāh
446,Sheff Issakov,Male,33,Gezan
447,Kellen Livezley,Male,40,Buray
448,Jsandye Whittington,Female,29,Iłowa
449,Luise Oram,Female,44,Velventós
450,Vevay Graeser,Female,33,Tall Rif‘at
451,Jaquelyn Robberts,Female,21,Irtyshskiy
452,Dolf Koche,Male,64,Le Grand-Quevilly
453,Jedidiah Longmuir,Male,47,Xunzhai
454,Tam Stratford,Male,56,Baiguo
455,Siobhan Haukey,Female,60,Tangkou
456,Jeanie Tollet,Female,39,Danglang Hudong
457,Eleonore Pavel,Female,47,Pedreira
458,Dennis Dampney,Agender,33,Ubatã
459,Rory Armit,Male,61,Yur’yev-Pol’skiy
460,Hashim Horsfield,Male,24,Ghazni
461,Jackqueline Hazle,Female,39,Sop Pong
462,Hodge Sotworth,Genderfluid,41,Suyo
463,Berthe Irnis,Female,52,Fazenda de Santa Cruz
464,Clerkclaude Shorthouse,Male,46,Kyzyl-Burun
465,Pierre Gaines,Male,24,Fengshan
466,Grier Grodden,Female,65,Colorado Springs
467,Adelle Sivyour,Female,29,Meïganga
468,Matthus Figgins,Male,60,Edineţ
469,Morty Cremin,Male,54,Changsu
470,Modestine Tylor,Female,49,Zhongxin
471,Rozelle Arrow,Female,24,Wonokerto
472,Shermy Headley,Male,53,Bay-ang
473,Osgood Keymer,Male,48,Hushi
474,Amye Banton,Female,37,Lianghekou
475,Conant Dietz,Male,65,Shewopo
476,Shepherd Geane,Male,45,Simpang
477,Marshal Le Brom,Male,19,Sobradinho
478,Godiva Wackett,Female,48,Banaybanay
479,Wally Bampkin,Male,60,Utmānzai
480,Wynne Sandercock,Female,36,Taraban Timur
481,Monti Norster,Male,23,An Naşr
482,Ulrick Shiel,Male,33,Catbalogan
483,Blondell Folger,Female,36,Cibeureum
484,Rand Bolin,Male,40,Chagoda
485,Ulrikaumeko Nardi,Female,27,Anak
486,Torrin Giabucci,Male,26,Jistebník
487,Matthieu Alflat,Male,40,Plandirejo
488,Tucky Ibell,Male,36,Longmen
489,Wynn Skones,Female,35,Guáimaro
490,Devin Domney,Female,60,Wuqu
491,Abbot Bernette,Male,55,Qukou
492,Karoly Stitwell,Male,28,Radamata
493,Sharia Eydel,Bigender,61,Rennes
494,Spense Pantry,Male,42,Pélla
495,Josefa Mallinder,Female,40,Yangsi
496,Darelle Cassam,Genderfluid,63,Lubniewice
497,Andreas Marriage,Male,63,Pakenjeng
498,Olivia L'Hommeau,Female,28,Rancho Viejo
